Chr1	1020	+	CCC	0	1	0
Chr1	1021	+	CCT	0	1	0
Chr1	1022	+	CTA	1	1	0
Chr1	1027	+	CCC	0	2	0
Chr1	1028	+	CCT	0	2	0
Chr1	1029	+	CTA	0	2	0
Chr1	1034	+	CCC	1	4	0
Chr1	1035	+	CCT	0	4	0
Chr1	1036	+	CTA	1	4	0
Chr1	1041	+	CCC	0	4	0
Chr1	1042	+	CCT	1	4	0
Chr1	1043	+	CTA	1	4	0
Chr1	1048	+	CCC	0	4	0
Chr1	1049	+	CCT	0	4	0
Chr1	1050	+	CTA	1	4	0
Chr1	1055	+	CCC	0	4	0
Chr1	1056	+	CCT	3	4	1
Chr1	1057	+	CTA	0	4	0
Chr1	1061	+	CCC	0	5	0
Chr1	1062	+	CCT	0	5	0
Chr1	1063	+	CTA	2	5	1
Chr1	1068	+	CCC	0	5	0
Chr1	1069	+	CCT	0	5	0
Chr1	1070	+	CTA	3	5	1
Chr1	1074	+	CCC	0	5	0
Chr1	1075	+	CCT	0	5	0
Chr1	1076	+	CTA	4	5	1
Chr1	1081	+	CCC	0	5	0
Chr1	1082	+	CCT	0	5	0
Chr1	1083	+	CTA	3	6	1
Chr1	1088	+	CCC	0	7	0
Chr1	1089	+	CCT	1	7	0
Chr1	1090	+	CTA	4	7	1
Chr1	1095	+	CCC	0	7	0
Chr1	1096	+	CCT	0	7	0
Chr1	1097	+	CTA	3	7	1
Chr1	1102	+	CCC	1	7	0
Chr1	1103	+	CCT	1	7	0
Chr1	1104	+	CTA	4	7	1
Chr1	1109	+	CCC	0	7	0
Chr1	1110	+	CCT	0	7	0
Chr1	1111	+	CTA	7	7	1
Chr1	1116	+	CAG	8	8	1
Chr1	1118	-	CTG	5	5	1
Chr1	1119	+	CTG	8	8	1
Chr1	1121	-	CAG	4	5	1
Chr1	1123	+	CAG	8	8	1
Chr1	1125	-	CTG	5	5	1
Chr1	1128	+	CGA	8	8	1
Chr1	1129	-	CGT	5	5	1
Chr1	1133	-	CTA	2	5	1
Chr1	1136	+	CCA	2	8	1
Chr1	1137	+	CAC	0	8	0
Chr1	1139	+	CGC	8	8	1
Chr1	1140	-	CGT	5	5	1
Chr1	1141	+	CGA	8	8	1
Chr1	1142	-	CGC	5	5	1
Chr1	1144	-	CTC	5	5	1
Chr1	1146	-	CTC	5	5	1
Chr1	1147	-	CCT	0	5	0
Chr1	1150	+	CCG	9	9	1
Chr1	1151	+	CGG	8	9	1
Chr1	1152	-	CGG	6	6	1
Chr1	1153	-	CCG	6	6	1
Chr1	1155	-	CTC	4	6	1
Chr1	1157	-	CTC	2	6	1
Chr1	1159	+	CAA	2	9	1
Chr1	1162	+	CGG	10	10	1
Chr1	1163	-	CGT	6	6	1
Chr1	1164	-	CCG	4	6	1
Chr1	1165	-	CCC	0	6	0
Chr1	1168	+	CCA	1	10	0
Chr1	1169	+	CAG	9	9	1
Chr1	1171	-	CTG	6	6	1
Chr1	1172	-	CCT	0	6	0
Chr1	1173	+	CGC	8	8	1
Chr1	1174	-	CGC	7	7	1
Chr1	1175	+	CCA	2	9	1
Chr1	1176	+	CAG	9	9	1
Chr1	1178	-	CTG	8	8	1
Chr1	1179	+	CGA	9	9	1
Chr1	1180	-	CGC	8	8	1
Chr1	1182	+	CGG	11	11	1
Chr1	1183	-	CGT	7	8	1
Chr1	1184	-	CCG	6	8	1
Chr1	1187	+	CCG	9	10	1
Chr1	1188	+	CGG	10	10	1
Chr1	1189	-	CGG	7	8	1
Chr1	1190	-	CCG	7	8	1
Chr1	1191	-	CCC	0	8	0
Chr1	1192	+	CGA	11	11	1
Chr1	1193	-	CGC	8	8	1
Chr1	1195	-	CTC	8	8	1
Chr1	1197	-	CTC	7	8	1
Chr1	1198	-	CCT	4	8	1
Chr1	1199	-	CCC	8	8	1
Chr1	1200	-	CCC	8	8	1
Chr1	1202	-	CTC	4	8	1
Chr1	1204	-	CAC	8	8	1
Chr1	1205	-	CCA	3	8	1
Chr1	1207	-	CTC	5	8	1
Chr1	1210	+	CAT	0	10	0
Chr1	1213	-	CAT	1	8	0
Chr1	1214	-	CCA	0	8	0
Chr1	1217	+	CCG	9	10	1
Chr1	1218	+	CGT	9	10	1
Chr1	1219	-	CGG	8	8	1
Chr1	1221	-	CAC	4	7	1
Chr1	1222	+	CGG	10	10	1
Chr1	1223	-	CGC	7	7	1
Chr1	1224	-	CCG	6	7	1
Chr1	1225	-	CCC	3	7	1
Chr1	1227	-	CTC	7	7	1
Chr1	1228	-	CCT	5	7	1
Chr1	1229	-	CCC	4	7	1
Chr1	1230	-	CCC	7	7	1
Chr1	1233	-	CTT	3	7	1
Chr1	1236	-	CTT	0	7	0
Chr1	1238	+	CGC	9	9	1
Chr1	1239	-	CGA	6	6	1
Chr1	1240	+	CCG	7	9	1
Chr1	1241	+	CGA	9	9	1
Chr1	1242	-	CGG	4	4	1
Chr1	1246	+	CCG	5	9	1
Chr1	1247	+	CGA	8	9	1
Chr1	1248	-	CGG	5	5	1
Chr1	1250	+	CCC	0	9	0
Chr1	1251	+	CCT	0	9	0
Chr1	1252	+	CTC	9	9	1
Chr1	1254	+	CCC	5	9	1
Chr1	1255	+	CCA	6	8	1
Chr1	1256	+	CAT	9	9	1
Chr1	1259	+	CGC	8	9	1
Chr1	1260	-	CGA	5	5	1
Chr1	1261	+	CCA	5	9	1
Chr1	1262	+	CAT	4	9	1
Chr1	1265	+	CGA	8	9	1
Chr1	1266	-	CGA	4	4	1
Chr1	1268	+	CAG	8	9	1
Chr1	1270	-	CTG	3	3	1
Chr1	1273	-	CTA	2	3	1
Chr1	1274	-	CCT	0	3	0
Chr1	1276	+	CTG	8	9	1
Chr1	1278	-	CAG	4	4	1
Chr1	1279	+	CGC	9	9	1
Chr1	1280	-	CGC	4	4	1
Chr1	1281	+	CGA	9	9	1
Chr1	1282	-	CGC	4	4	1
Chr1	1284	-	CTC	3	4	1
Chr1	1286	-	CTC	4	5	1
Chr1	1287	-	CCT	3	5	1
Chr1	1288	-	CCC	0	5	0
Chr1	1289	-	CCC	0	5	0
Chr1	1290	+	CAC	0	9	0
Chr1	1292	+	CCG	8	9	1
Chr1	1293	+	CGG	9	9	1
Chr1	1294	-	CGG	5	5	1
Chr1	1295	-	CCG	5	5	1
Chr1	1296	+	CGC	10	10	1
Chr1	1297	-	CGC	6	6	1
Chr1	1298	+	CTG	9	9	1
Chr1	1300	-	CAG	6	6	1
Chr1	1301	-	CCA	0	6	0
Chr1	1302	+	CTC	0	9	0
Chr1	1304	+	CTG	8	8	1
Chr1	1306	-	CAG	5	5	1
Chr1	1308	-	CTC	0	5	0
Chr1	1309	+	CGA	8	8	1
Chr1	1310	-	CGC	5	5	1
Chr1	1312	-	CTC	1	5	0
Chr1	1315	-	CAT	3	6	1
Chr1	1316	+	CAA	1	9	0
Chr1	1319	+	CGC	9	9	1
Chr1	1320	-	CGT	6	6	1
Chr1	1321	+	CCG	9	10	1
Chr1	1322	+	CGG	9	10	1
Chr1	1323	-	CGG	6	6	1
Chr1	1324	-	CCG	4	5	1
Chr1	1325	+	CCG	9	10	1
Chr1	1326	+	CGG	9	10	1
Chr1	1327	-	CGG	5	5	1
Chr1	1328	-	CCG	5	5	1
Chr1	1329	+	CTT	0	11	0
Chr1	1332	-	CAA	0	5	0
Chr1	1333	-	CCA	2	6	1
Chr1	1335	-	CTC	7	7	1
Chr1	1337	-	CTC	0	7	0
Chr1	1341	+	CTC	0	9	0
Chr1	1343	+	CAA	4	8	1
Chr1	1346	-	CTT	1	8	0
Chr1	1348	-	CTC	8	8	1
Chr1	1350	-	CTC	3	8	1
Chr1	1352	+	CAG	8	8	1
Chr1	1354	-	CTG	8	8	1
Chr1	1358	-	CAT	3	8	1
Chr1	1359	-	CCA	5	8	1
Chr1	1362	-	CTT	2	8	1
Chr1	1366	-	CTA	8	8	1
Chr1	1368	-	CTC	3	8	1
Chr1	1371	+	CAA	1	10	0
Chr1	1374	-	CTT	3	8	1
Chr1	1376	-	CTC	9	9	1
Chr1	1378	-	CTC	2	9	1
Chr1	1380	-	CAC	9	9	1
Chr1	1382	-	CTC	9	10	1
Chr1	1384	-	CTC	10	10	1
Chr1	1385	-	CCT	0	10	0
Chr1	1390	-	CTT	2	10	1
Chr1	1391	-	CCT	0	11	0
Chr1	1397	-	CTA	5	11	1
Chr1	1399	+	CCA	0	13	0
Chr1	1400	+	CAG	12	13	1
Chr1	1402	-	CTG	12	12	1
Chr1	1404	+	CCA	0	13	0
Chr1	1405	+	CAC	6	13	1
Chr1	1407	+	CAC	0	13	0
Chr1	1409	+	CAA	3	13	1
Chr1	1416	+	CTC	0	14	0
Chr1	1418	+	CTT	0	14	0
Chr1	1421	+	CTT	3	15	1
Chr1	1429	+	CTT	0	15	0
Chr1	1433	-	CAA	0	16	0
Chr1	1440	-	CTT	0	15	0
Chr1	1443	+	CTT	1	17	0
Chr1	1450	-	CAT	2	15	1
Chr1	1451	-	CCA	8	15	1
Chr1	1454	+	CAT	0	16	0
Chr1	1457	+	CTT	1	16	0
Chr1	1465	-	CAA	6	14	1
Chr1	1468	-	CAA	0	14	0
Chr1	1473	+	CAA	0	14	0
Chr1	1481	+	CTG	12	13	1
Chr1	1483	-	CAG	14	14	1
Chr1	1487	+	CTT	0	13	0
Chr1	1493	+	CTT	0	12	0
Chr1	1507	-	CAA	5	14	1
Chr1	1509	-	CTC	0	14	0
Chr1	1511	+	CAA	0	11	0
Chr1	1517	-	CTT	1	14	0
Chr1	1521	+	CAA	2	9	1
Chr1	1525	+	CGT	10	10	1
Chr1	1526	-	CGA	13	14	1
Chr1	1536	-	CTT	0	13	0
Chr1	1539	+	CCA	1	9	0
Chr1	1540	+	CAC	0	9	0
Chr1	1542	+	CGA	7	8	1
Chr1	1543	-	CGT	12	12	1
Chr1	1545	-	CTC	2	13	1
Chr1	1547	-	CTC	4	12	1
Chr1	1551	+	CCC	0	7	0
Chr1	1552	+	CCC	0	7	0
Chr1	1553	+	CCA	2	7	1
Chr1	1554	+	CAC	7	7	1
Chr1	1556	+	CCA	1	7	0
Chr1	1557	+	CAC	7	7	1
Chr1	1559	+	CCC	2	7	1
Chr1	1560	+	CCA	1	7	0
Chr1	1561	+	CAT	2	7	1
Chr1	1564	-	CAT	0	12	0
Chr1	1566	+	CTC	0	6	0
Chr1	1568	+	CGA	5	5	1
Chr1	1569	-	CGA	11	11	1
Chr1	1571	-	CTC	0	12	0
Chr1	1572	+	CCG	4	4	1
Chr1	1573	+	CGA	4	4	1
Chr1	1574	-	CGG	10	10	1
Chr1	1576	+	CCA	0	4	0
Chr1	1577	+	CAG	4	4	1
Chr1	1579	-	CTG	10	10	1
Chr1	1582	+	CTG	3	3	1
Chr1	1584	-	CAG	11	11	1
Chr1	1585	+	CCG	2	3	1
Chr1	1586	+	CGC	3	3	1
Chr1	1587	-	CGG	10	11	1
Chr1	1588	+	CCC	1	3	0
Chr1	1589	+	CCA	0	3	0
Chr1	1590	+	CAC	1	3	0
Chr1	1592	+	CGA	2	2	1
Chr1	1593	-	CGT	11	11	1
Chr1	1595	+	CCC	0	2	0
Chr1	1596	+	CCG	1	2	0
Chr1	1597	+	CGA	2	2	1
Chr1	1598	-	CGG	11	11	1
Chr1	1600	-	CTC	0	10	0
Chr1	1602	+	CAT	1	2	0
Chr1	1605	+	CGT	2	2	1
Chr1	1606	-	CGA	11	11	1
Chr1	1609	-	CAA	3	12	1
Chr1	1610	-	CCA	3	12	1
Chr1	1613	+	CCA	0	1	0
Chr1	1614	+	CAC	1	1	0
Chr1	1616	+	CCA	0	1	0
Chr1	1617	+	CAC	1	1	0
Chr1	1619	+	CCC	0	1	0
Chr1	1620	+	CCA	1	1	0
Chr1	1621	+	CAC	0	1	0
Chr1	1623	+	CAA	0	1	0
Chr1	1626	+	CCC	0	2	0
Chr1	1627	+	CCG	1	2	0
Chr1	1628	+	CGC	2	2	1
Chr1	1629	-	CGG	12	13	1
Chr1	1630	+	CGA	2	2	1
Chr1	1631	-	CGC	10	11	1
Chr1	1633	+	CCG	2	2	1
Chr1	1634	+	CGA	2	2	1
Chr1	1635	-	CGG	10	11	1
Chr1	1637	-	CTC	0	11	0
Chr1	1638	+	CTA	0	2	0
Chr1	1641	+	CGC	2	2	1
Chr1	1642	-	CGT	9	10	1
Chr1	1643	+	CCT	0	2	0
Chr1	1644	+	CTC	1	2	0
Chr1	1646	+	CCT	2	2	1
Chr1	1647	+	CTG	2	2	1
Chr1	1649	-	CAG	8	9	1
Chr1	1651	-	CAC	2	9	1
Chr1	1652	-	CCA	4	9	1
Chr1	1656	-	CAA	3	9	1
Chr1	1659	-	CAT	0	9	0
Chr1	1660	+	CCA	0	2	0
Chr1	1661	+	CAC	1	2	0
Chr1	1663	+	CTG	3	3	1
Chr1	1665	-	CAG	8	9	1
Chr1	1666	+	CCC	2	3	1
Chr1	1667	+	CCT	0	3	0
Chr1	1668	+	CTG	2	3	1
Chr1	1670	-	CAG	8	9	1
Chr1	1672	-	CTC	0	10	0
Chr1	1673	+	CTT	0	3	0
Chr1	1676	+	CAC	2	3	1
Chr1	1678	+	CTG	3	3	1
Chr1	1680	-	CAG	9	10	1
Chr1	1681	+	CCG	2	3	1
Chr1	1682	+	CGG	3	3	1
Chr1	1683	-	CGG	8	10	1
Chr1	1684	-	CCG	9	10	1
Chr1	1687	+	CTG	2	2	1
Chr1	1689	-	CAG	10	11	1
Chr1	1691	+	CGC	2	2	1
Chr1	1692	-	CGA	11	11	1
Chr1	1693	+	CTC	0	2	0
Chr1	1695	+	CGC	2	2	1
Chr1	1696	-	CGA	10	10	1
Chr1	1697	+	CGA	2	2	1
Chr1	1698	-	CGC	10	10	1
Chr1	1700	+	CCC	0	2	0
Chr1	1701	+	CCG	2	2	1
Chr1	1702	+	CGA	2	2	1
Chr1	1703	-	CGG	9	9	1
Chr1	1705	-	CTC	0	10	0
Chr1	1706	+	CTC	0	2	0
Chr1	1708	+	CCG	2	2	1
Chr1	1709	+	CGC	2	2	1
Chr1	1710	-	CGG	9	9	1
Chr1	1711	+	CCG	2	2	1
Chr1	1712	+	CGC	2	2	1
Chr1	1713	-	CGG	9	9	1
Chr1	1714	+	CTG	2	3	1
Chr1	1716	-	CAG	9	9	1
Chr1	1717	-	CCA	1	9	0
Chr1	1720	+	CCG	2	3	1
Chr1	1721	+	CGT	3	3	1
Chr1	1722	-	CGG	8	8	1
Chr1	1724	+	CGC	3	3	1
Chr1	1725	-	CGA	8	8	1
Chr1	1726	+	CCC	2	4	1
Chr1	1727	+	CCA	0	4	0
Chr1	1728	+	CAC	2	4	1
Chr1	1730	+	CAA	1	4	0
Chr1	1733	+	CTC	0	4	0
Chr1	1735	+	CAA	0	4	0
Chr1	1738	-	CTT	0	8	0
Chr1	1739	+	CTG	4	4	1
Chr1	1741	-	CAG	7	7	1
Chr1	1743	-	CAC	0	9	0
Chr1	1746	-	CAA	0	9	0
Chr1	1747	+	CCA	1	5	0
Chr1	1748	+	CAC	1	6	0
Chr1	1750	+	CTA	3	6	1
Chr1	1753	-	CTA	6	8	1
Chr1	1755	-	CTC	2	8	1
Chr1	1761	-	CTT	5	7	1
Chr1	1762	-	CCT	7	7	1
Chr1	1764	-	CTC	1	7	0
Chr1	1765	-	CCT	2	7	1
Chr1	1766	+	CGA	6	6	1
Chr1	1767	-	CGC	7	7	1
Chr1	1769	-	CTC	3	7	1
Chr1	1771	-	CTC	7	7	1
Chr1	1772	+	CGA	6	6	1
Chr1	1773	-	CGC	7	7	1
Chr1	1775	-	CTC	1	7	0
Chr1	1776	-	CCT	0	6	0
Chr1	1777	-	CCC	1	6	0
Chr1	1778	+	CAA	0	6	0
Chr1	1783	+	CGA	8	8	1
Chr1	1784	-	CGT	6	6	1
Chr1	1786	-	CTC	0	6	0
Chr1	1787	-	CCT	0	6	0
Chr1	1788	+	CAA	1	8	0
Chr1	1791	-	CTT	0	6	0
Chr1	1792	-	CCT	2	6	1
Chr1	1793	+	CGT	6	8	1
Chr1	1794	-	CGC	6	6	1
Chr1	1796	-	CAC	0	6	0
Chr1	1797	-	CCA	1	6	0
Chr1	1798	+	CGT	7	8	1
Chr1	1799	-	CGC	6	6	1
Chr1	1801	-	CAC	0	6	0
Chr1	1803	+	CAT	0	8	0
Chr1	1806	-	CAT	2	6	1
Chr1	1807	-	CCA	0	6	0
Chr1	1809	-	CAC	2	6	1
Chr1	1811	-	CAC	0	6	0
Chr1	1813	+	CTG	7	7	1
Chr1	1815	-	CAG	6	6	1
Chr1	1816	-	CCA	0	7	0
Chr1	1819	-	CAA	1	6	0
Chr1	1820	-	CCA	0	6	0
Chr1	1822	+	CAA	6	7	1
Chr1	1828	-	CTA	0	4	0
Chr1	1829	+	CCG	7	7	1
Chr1	1830	+	CGA	7	7	1
Chr1	1831	-	CGG	4	4	1
Chr1	1833	+	CAA	1	7	0
Chr1	1837	-	CAT	0	4	0
Chr1	1838	-	CCA	0	4	0
Chr1	1841	+	CCA	1	7	0
Chr1	1842	+	CAC	4	7	1
Chr1	1844	+	CCG	7	7	1
Chr1	1845	+	CGC	7	7	1
Chr1	1846	-	CGG	4	4	1
Chr1	1847	+	CCC	2	7	1
Chr1	1848	+	CCA	2	7	1
Chr1	1849	+	CAT	1	7	0
Chr1	1852	-	CAT	0	4	0
Chr1	1855	+	CCG	7	7	1
Chr1	1856	+	CGA	7	7	1
Chr1	1857	-	CGG	3	3	1
Chr1	1859	-	CTC	0	3	0
Chr1	1860	+	CCA	0	7	0
Chr1	1861	+	CAC	0	7	0
Chr1	1863	+	CCG	5	5	1
Chr1	1864	+	CGT	6	6	1
Chr1	1865	-	CGG	2	3	1
Chr1	1868	-	CAA	0	2	0
Chr1	1869	-	CCA	0	2	0
Chr1	1872	+	CCG	5	8	1
Chr1	1873	+	CGC	8	8	1
Chr1	1874	-	CGG	2	2	1
Chr1	1875	+	CCA	5	8	1
Chr1	1876	+	CAC	1	7	0
Chr1	1878	+	CCC	1	7	0
Chr1	1879	+	CCG	6	7	1
Chr1	1880	+	CGC	6	7	1
Chr1	1881	-	CGG	2	2	1
Chr1	1882	+	CAG	7	7	1
Chr1	1884	-	CTG	2	2	1
Chr1	1888	+	CGG	7	7	1
Chr1	1889	-	CGA	2	2	1
Chr1	1890	-	CCG	2	2	1
Chr1	1891	+	CTG	6	6	1
Chr1	1893	-	CAG	1	1	1
Chr1	1895	+	CCC	4	6	1
Chr1	1896	+	CCC	3	6	1
Chr1	1897	+	CCT	2	6	1
Chr1	1898	+	CTC	4	5	1
Chr1	1900	+	CTC	1	5	0
Chr1	1902	+	CCC	6	6	1
Chr1	1903	+	CCT	4	6	1
Chr1	1904	+	CTC	0	6	0
Chr1	1906	+	CAA	3	6	1
Chr1	1909	+	CTT	0	7	0
Chr1	1915	+	CTT	2	7	1
Chr1	1918	+	CCT	4	7	1
Chr1	1919	+	CTC	5	7	1
Chr1	1921	+	CTC	4	7	1
Chr1	1923	+	CTT	1	7	0
Chr1	1926	-	CAA	0	3	0
Chr1	1930	+	CAA	0	5	0
Chr1	1933	+	CGG	4	4	1
Chr1	1934	-	CGT	3	5	1
Chr1	1935	-	CCG	4	5	1
Chr1	1936	-	CCC	3	5	1
Chr1	1938	-	CTC	5	5	1
Chr1	1939	-	CCT	1	5	0
Chr1	1941	-	CTC	2	5	1
Chr1	1943	-	CAC	2	6	1
Chr1	1944	-	CCA	0	6	0
Chr1	1945	+	CAA	0	4	0
Chr1	1948	+	CTG	4	4	1
Chr1	1950	-	CAG	6	6	1
Chr1	1952	+	CGG	4	4	1
Chr1	1953	-	CGT	6	6	1
Chr1	1954	-	CCG	4	6	1
Chr1	1955	+	CAA	0	4	0
Chr1	1958	+	CAG	4	4	1
Chr1	1960	-	CTG	5	6	1
Chr1	1962	-	CTC	1	6	0
Chr1	1963	+	CTC	0	4	0
